<application>
  <component name="FileTypeManager" version="18">
    <extensionMap>
      <mapping pattern="phpunits" type="PLAIN_TEXT" />
      <mapping pattern="base" type="PLAIN_TEXT" />
      <mapping pattern="README" type="PLAIN_TEXT" />
      <mapping pattern="Search" type="PLAIN_TEXT" />
      <mapping ext="20200228" type="PLAIN_TEXT" />
      <mapping ext="ph" type="PLAIN_TEXT" />
      <mapping ext="pcapng" type="PLAIN_TEXT" />
      <mapping pattern="TcbPhpunit" type="Shell Script" />
      <mapping pattern="phpunit" type="Shell Script" />
      <removed_mapping ext="php" approved="true" type="PLAIN_TEXT" />
      <removed_mapping pattern=".yarnrc" approved="true" type="PLAIN_TEXT" />
      <removed_mapping pattern="a.php" approved="true" type="PHP" />
    </extensionMap>
  </component>
</application>