<application>
  <component name="GeneralSettings">
    <option name="confirmExit" value="false" />
  </component>
  <component name="Registry">
    <entry key="ide.balloon.shadow.size" value="0" />
    <entry key="ide.tree.ui.experimental" value="false" />
    <entry key="ide.mac.allowDarkWindowDecorations" value="true" />
    <entry key="debugger.watches.in.variables" value="false" />
    <entry key="js.debugger.webconsole" value="false" />
    <entry key="editor.distraction.free.mode" value="true" />
  </component>
  <component name="StatusBar">
    <option name="widgets">
      <map>
        <entry key="Encoding" value="false" />
      </map>
    </option>
  </component>
</application>