<application>
  <component name="UpdatesConfigurable">
    <option name="CHECK_NEEDED" value="false" />
    <ignoredBuildNumbers>
      <item value="201.7846.90" />
      <item value="201.8538.41" />
    </ignoredBuildNumbers>
    <option name="LAST_BUILD_CHECKED" value="PS-201.8743.18" />
    <option name="LAST_TIME_CHECKED" value="1595930814316" />
    <pluginHosts>
      <item value="https://repo.idechajian.com" />
    </pluginHosts>
    <option name="THIRD_PARTY_PLUGINS_ALLOWED" value="true" />
  </component>
</application>