<application>
  <component name="AppStorage">
    <histories>
      <item value="get name lalla" />
      <item value="get" />
      <item value="Mock Fire Suning Send Recycle Job" />
      <item value="Perform any final actions for the request lifecycle." />
      <item value="Cache Based Session Handler" />
      <item value="Encrypt Cookies" />
      <item value="change Up Channel False" />
      <item value="is foldup" />
      <item value="Superior Product Information Update" />
      <item value="Handle Henan Mobile Quality Notify" />
      <item value="collect Coupons According To Coupon Code ID" />
      <item value="signature" />
      <item value="sharing Information On Wx" />
      <item value="show Pre Sell View" />
      <item value="show Pre Sell" />
      <item value="pre Sell" />
      <item value="ensure False" />
      <item value="ensure" />
      <item value="Translator" />
      <item value="passes" />
      <item value="fails" />
      <item value="extend Implicit" />
      <item value="extend" />
      <item value="Register a custom validator extension." />
      <item value="Extensions" />
      <item value="Bag" />
      <item value="Register a custom implicit validator message replacer." />
      <item value="Register a custom implicit validator extension." />
      <item value="Set the Validator instance resolver." />
      <item value="delete by laowang requirement" />
      <item value="no To JDSN Premium Products" />
      <item value="no Maintenance Required" />
      <item value="不需要维修" />
      <item value="need Repair" />
      <item value="需要维修的时候 特殊判断" />
      <item value="An array of the types that have been resolved." />
      <item value="resolved" />
      <item value="create Pdo Resolver" />
      <item value="verify And Return Results" />
      <item value="it S Maintenance" />
      <item value="repair" />
      <item value="wrap" />
      <item value="make Connection" />
      <item value="factory" />
      <item value="superior Product Judgment Logic" />
      <item value="quality Limit" />
      <item value="quality Is Not New" />
      <item value="it S Not 70 New" />
      <item value="the Fineness Is 8 New And Above" />
      <item value="not More Than 70 NEW" />
    </histories>
    <option name="languageScores">
      <map>
        <entry key="CHINESE" value="3105" />
        <entry key="ENGLISH" value="3105" />
        <entry key="ARABIC" value="1" />
        <entry key="ESTONIAN" value="1" />
        <entry key="DANISH" value="5" />
        <entry key="GERMAN" value="8" />
        <entry key="RUSSIAN" value="2" />
        <entry key="FRENCH" value="7" />
        <entry key="DUTCH" value="2" />
        <entry key="CZECH" value="8" />
        <entry key="ROMANIAN" value="4" />
        <entry key="PORTUGUESE" value="3" />
        <entry key="SWEDISH" value="2" />
        <entry key="SLOVENIAN" value="1" />
        <entry key="SPANISH" value="5" />
        <entry key="GREEK" value="1" />
        <entry key="HUNGARIAN" value="1" />
        <entry key="ITALIAN" value="11" />
        <entry key="VIETNAMESE" value="1" />
      </map>
    </option>
  </component>
  <component name="Settings">
    <option name="baiduTranslateSettings">
      <app-key>
        <option name="appId" value="20190828000330239" />
      </app-key>
    </option>
    <option name="ignoreRegExp" value="" />
    <option name="translator" value="fanyi.baidu" />
  </component>
</application>