<application>
  <component name="AppStorage">
    <option name="pinNewTranslationDialog" value="true" />
    <histories>
      <item value="set Address Hierarchy" />
      <item value="tap" />
      <item value="test update not exists hs order" />
      <item value="Tripartite Price Change" />
      <item value="passable" />
      <item value="The current globally available container (if any)." />
      <item value="forwarding Action" />
      <item value="express Straight Hair" />
      <item value="floor Price Handle" />
      <item value="calculate The Reserve Price" />
      <item value="automatic deduction" />
      <item value="automatic Deduction" />
      <item value="Validate the size of an attribute is less than a maximum value." />
      <item value="If a database column is not specified, the attribute will be used." />
      <item value="Validate the uniqueness of an attribute value on a given database table." />
      <item value="editor-fold" />
      <item value="haystack" />
      <item value="add Extensions" />
      <item value="send Msg To User" />
      <item value="product Not Is User Like" />
      <item value="time Format Correct" />
      <item value="disturb Limit" />
      <item value="NOTICE SWITCH" />
      <item value="set Notify" />
      <item value="price Increase" />
      <item value="validator" />
      <item value="u Id Is Zero" />
      <item value="favorite product list" />
      <item value="save user favorite brand" />
      <item value="do a last write so that we write the repository even if nothing changed as that can trigger an update of some files like InstalledVersions.php if running a new composer version" />
      <item value="Introduction Composer is a tool for dependency management in PHP. It allows you to declare the libraries your project depends on and it will manage (installupdate) them for you. Dependency management Composer is not a package manager in the same sense as Yum or Apt are. Yes, it deals with &quot;packages&quot; or libraries, but it manages them on a per-project basis, installing them in a directory (e.g. `vendor`) inside your project. By default, it does not install anything globally. Thus, it is a dependency manager. It does however support a &quot;global&quot; project for convenience via the [global](03-cli.mdglobal) command. This idea is not new and Composer is strongly inspired by node's [npm](https:www.npmjs.com) and ruby's [bundler](https:bundler.io). Suppose: 1. You have a project that depends on a number of libraries. 2. Some of those libraries depend on other libraries. Composer: 1. Enables you to declare the libraries you depend on. 2. Finds out which versions of which packages can and need to be installed, and installs them (meaning it downloads them into your project). 3. You can update all your dependencies in one command. See the [Basic usage](01-basic-usage.md) chapter for more details on declaring dependencies. System Requirements Composer requires PHP 5.3.2+ to run. A few sensitive php settings and compile flags are also required, but when using the installer you will be warned about any incompatibilities. To install packages from sources instead of plain zip archives, you will need git, svn, fossil or hg depending on how the package is version-controlled. Composer is multi-platform and we strive to make it run equally well on Windows, Linux and macOS. Installation - Linux Unix macOS Downloading the Composer Executable Composer offers a convenient installer that you can execute directly from the command line. Feel free to [download this file](https:getcomposer.orginstaller) or review it on [GitHub](https:github.comcomposergetcomposer.orgblobmasterwebinstaller) if you wish to know more about the inner workings of the installer. The source is plain PHP. There are in short, two ways to install Composer. Locally as part of your project, or globally as a system wide executable. Locally To install Composer locally, run the installer in your project directory. See [the Download page](https:getcomposer.orgdownload) for instructions. The installer will check a few PHP settings and then download `composer.phar` to your working directory. This file is the Composer binary. It is a PHAR (PHP archive), which is an archive format for PHP which can be run on the command line, amongst other things. Now run `php composer.phar` in order to run Composer. You can install Composer to a specific directory by using the `--install-dir` option and additionally (re)name it as well using the `--filename` option. When running the installer when following [the Download page instructions](https:getcomposer.orgdownload) add the following parameters: ```sh php composer-setup.php --install-dir=bin --filename=composer ``` Now run `php bincomposer` in order to run Composer. Globally You can place the Composer PHAR anywhere you wish. If you put it in a directory that is part of your `PATH`, you can access it globally. On Unix systems you can even make it executable and invoke it without directly using the `php` interpreter. After running the installer following [the Download page instructions](https:getcomposer.orgdownload) you can run this to move composer.phar to a directory that is in your path: ```sh mv composer.phar usrlocalbincomposer ``` If you like to install it only for your user and avoid requiring root permissions, you can use `~.localbin` instead which is available by default on some Linux distributions. &gt; Note: If the above fails due to permissions, you may need to run it again &gt; with sudo. &gt; Note: On some versions of macOS the `usr` directory does not exist by &gt; default. If you receive the error &quot;usrlocalbincomposer: No such file or &gt; directory&quot; then you must create the directory manually before proceeding: &gt; `mkdir -p usrlocalbin`. &gt; Note: For information on changing your PATH, please read the &gt; [Wikipedia article](https:en.wikipedia.orgwikiPATH_(variable)) andor use &gt; your search engine of choice. Now run `composer` in order to run Composer instead of `php composer.phar`. Installation - Windows Using the Installer This is the easiest way to get Composer set up on your machine. Download and run [Composer-Setup.exe](https:getcomposer.orgComposer-Setup.exe). It will install the latest Composer version and set up your PATH so that you can call `composer` from any directory in your command line. &gt; Note: Close your current terminal. Test usage with a new terminal: This is &gt; important since the PATH only gets loaded when the terminal starts. Manual Installation Change to a directory on your `PATH` and run the installer following [the Download page instructions](https:getcomposer.orgdownload) to download `composer.phar`. Create a new `composer.bat` file alongside `composer.phar`: Using cmd.exe: ```sh C:\bin&gt; echo @php &quot;%~dp0composer.phar&quot; %&gt;composer.bat ``` Using PowerShell: ```sh PS C:\bin&gt; Set-Content composer.bat '@php &quot;%~dp0composer.phar&quot; %' ``` Add the directory to your PATH environment variable if it isn't already. For information on changing your PATH variable, please see [this article](https:www.computerhope.comissuesch000549.htm) andor use your search engine of choice. Close your current terminal. Test usage with a new terminal: ```sh C:\Users\username&gt;composer -V Composer version 2.0.12 2021-04-01 10:14:59 ``` Using Composer Now that you've installed Composer, you are ready to use it! Head on over to the next chapter for a short demonstration. [Basic usage](01-basic-usage.md) &amp;rarr;" />
      <item value="Flash an array of input to the session." />
      <item value="flash" />
      <item value="Send the given request through the middleware router." />
      <item value="Run an Artisan console command by name." />
      <item value="final actions" />
      <item value="Perform any final actions" />
      <item value="Perform" />
      <item value="Get the Laravel application instance." />
      <item value="Perform any final actions for the request lifecycle." />
      <item value="incoming" />
      <item value="Handle an incoming" />
      <item value="Handle an incoming HTTP request." />
      <item value="Bootstrap the application for HTTP requests." />
      <item value="Bootstrap" />
      <item value="First, we will see if we can find a matching route for this current request method. If we can, great, we can just return it so that it can be called by the consumer. Otherwise we will check for routes with another verb." />
      <item value="Validate a given rule against a route and request." />
      <item value="is Fallback" />
      <item value="partition" />
      <item value="update Group Stack" />
    </histories>
    <option name="languageScores">
      <map>
        <entry key="CHINESE" value="4056" />
        <entry key="ENGLISH" value="4057" />
        <entry key="ARABIC" value="2" />
        <entry key="ESTONIAN" value="1" />
        <entry key="BULGARIAN" value="1" />
        <entry key="DANISH" value="8" />
        <entry key="GERMAN" value="9" />
        <entry key="RUSSIAN" value="2" />
        <entry key="FRENCH" value="7" />
        <entry key="DUTCH" value="2" />
        <entry key="CZECH" value="8" />
        <entry key="ROMANIAN" value="4" />
        <entry key="NORWEGIAN" value="2" />
        <entry key="PORTUGUESE" value="4" />
        <entry key="SWEDISH" value="2" />
        <entry key="SLOVENIAN" value="1" />
        <entry key="SCOTS_GAELIC" value="1" />
        <entry key="SPANISH" value="6" />
        <entry key="GREEK" value="1" />
        <entry key="HUNGARIAN" value="3" />
        <entry key="ITALIAN" value="14" />
        <entry key="VIETNAMESE" value="1" />
      </map>
    </option>
  </component>
  <component name="Cache">
    <option name="lastTrimTime" value="1624851549826" />
  </component>
  <component name="Settings">
    <option name="baiduTranslateSettings">
      <app-key>
        <option name="appId" value="20190828000330239" />
      </app-key>
    </option>
    <option name="googleTranslateSettings">
      <google-translate>
        <option name="useTranslateGoogleCom" value="true" />
      </google-translate>
    </option>
    <option name="phoneticFontFamily" value=".SFNS-Regular" />
    <option name="primaryFontFamily" value=".SFNS-Regular" />
    <option name="translator" value="BAIDU" />
  </component>
</application>