<keymap version="1" name="Default for macOS copy" parent="Mac OS X 10.5+">
  <action id="ActivateServicesToolWindow" />
  <action id="ActivateTerminalToolWindow">
    <keyboard-shortcut first-keystroke="meta 8" />
  </action>
  <action id="ChangeSignature">
    <keyboard-shortcut first-keystroke="alt period" />
  </action>
  <action id="CloseAllEditorsButActive">
    <keyboard-shortcut first-keystroke="meta 0" />
  </action>
  <action id="NextDiff">
    <keyboard-shortcut first-keystroke="alt page_down" />
  </action>
  <action id="PhpNewClass">
    <keyboard-shortcut first-keystroke="ctrl c" />
  </action>
  <action id="PreviousDiff">
    <keyboard-shortcut first-keystroke="alt page_up" />
  </action>
  <action id="RenameElement">
    <keyboard-shortcut first-keystroke="alt comma" />
  </action>
  <action id="Runner.CloseOtherViews">
    <keyboard-shortcut first-keystroke="meta 0" />
  </action>
  <action id="ToggleDistractionFreeMode">
    <keyboard-shortcut first-keystroke="alt f" />
  </action>
</keymap>