<code_scheme name="Default" version="173">
  <PHPCodeStyleSettings>
    <option name="ALIGN_KEY_VALUE_PAIRS" value="true" />
    <option name="ALIGN_PHPDOC_PARAM_NAMES" value="true" />
    <option name="ALIGN_PHPDOC_COMMENTS" value="true" />
    <option name="ALIGN_ASSIGNMENTS" value="true" />
    <option name="CONCAT_SPACES" value="false" />
    <option name="COMMA_AFTER_LAST_ARRAY_ELEMENT" value="true" />
    <option name="PHPDOC_BLANK_LINE_BEFORE_TAGS" value="true" />
    <option name="PHPDOC_BLANK_LINES_AROUND_PARAMETERS" value="true" />
    <option name="BLANK_LINES_BETWEEN_IMPORTS" value="1" />
    <option name="PHPDOC_PARAM_SPACES_BETWEEN_TAG_AND_TYPE" value="2" />
    <option name="PHPDOC_PARAM_SPACES_BETWEEN_TYPE_AND_NAME" value="2" />
    <option name="PHPDOC_PARAM_SPACES_BETWEEN_NAME_AND_DESCRIPTION" value="2" />
    <option name="LOWER_CASE_BOOLEAN_CONST" value="true" />
    <option name="LOWER_CASE_NULL_CONST" value="true" />
    <option name="ELSE_IF_STYLE" value="COMBINE" />
    <option name="VARIABLE_NAMING_STYLE" value="CAMEL_CASE" />
    <option name="KEEP_RPAREN_AND_LBRACE_ON_ONE_LINE" value="true" />
    <option name="BLANK_LINES_AFTER_OPENING_TAG" value="1" />
    <option name="KEEP_BLANK_LINES_AFTER_LBRACE" value="0" />
    <option name="FORCE_SHORT_DECLARATION_ARRAY_STYLE" value="true" />
    <option name="NEW_LINE_AFTER_PHP_OPENING_TAG" value="true" />
    <option name="IF_RPAREN_ON_NEXT_LINE" value="true" />
  </PHPCodeStyleSettings>
  <editorconfig>
    <option name="ENABLED" value="false" />
  </editorconfig>
  <codeStyleSettings language="PHP">
    <option name="RIGHT_MARGIN" value="80" />
    <option name="KEEP_BLANK_LINES_BEFORE_RBRACE" value="0" />
    <option name="BLANK_LINES_AFTER_PACKAGE" value="1" />
    <option name="ALIGN_MULTILINE_PARAMETERS" value="false" />
    <option name="ALIGN_MULTILINE_FOR" value="false" />
    <option name="ALIGN_MULTILINE_EXTENDS_LIST" value="true" />
    <option name="ALIGN_MULTILINE_ARRAY_INITIALIZER_EXPRESSION" value="true" />
    <option name="CALL_PARAMETERS_WRAP" value="1" />
    <option name="CALL_PARAMETERS_LPAREN_ON_NEXT_LINE" value="true" />
    <option name="CALL_PARAMETERS_RPAREN_ON_NEXT_LINE" value="true" />
    <option name="METHOD_PARAMETERS_WRAP" value="1" />
    <option name="METHOD_PARAMETERS_RPAREN_ON_NEXT_LINE" value="true" />
    <option name="EXTENDS_LIST_WRAP" value="1" />
    <option name="EXTENDS_KEYWORD_WRAP" value="1" />
    <option name="METHOD_CALL_CHAIN_WRAP" value="1" />
    <option name="BINARY_OPERATION_WRAP" value="1" />
    <option name="BINARY_OPERATION_SIGN_ON_NEXT_LINE" value="true" />
    <option name="TERNARY_OPERATION_WRAP" value="1" />
    <option name="TERNARY_OPERATION_SIGNS_ON_NEXT_LINE" value="true" />
    <option name="FOR_STATEMENT_WRAP" value="1" />
    <option name="FOR_STATEMENT_LPAREN_ON_NEXT_LINE" value="true" />
    <option name="FOR_STATEMENT_RPAREN_ON_NEXT_LINE" value="true" />
    <option name="ARRAY_INITIALIZER_WRAP" value="1" />
    <option name="ASSIGNMENT_WRAP" value="1" />
    <option name="PLACE_ASSIGNMENT_SIGN_ON_NEXT_LINE" value="true" />
    <option name="IF_BRACE_FORCE" value="3" />
    <option name="DOWHILE_BRACE_FORCE" value="3" />
    <option name="WHILE_BRACE_FORCE" value="3" />
    <option name="FOR_BRACE_FORCE" value="3" />
  </codeStyleSettings>
</code_scheme>